journal_column,bic_info,journal_col_beta_coef
politics,-1.6551,0.1254319549740878
review_outlook,-1.6543,0.08115537476442862
business,-1.654,-0.10491862863669259
markets,-1.6535,3.284447042080398e-4
tech,-1.6535,0.017755601344898463
